{
  "lineColor": {
    "text": "Line color",
    "type": "color",
    "value": "#FF0000"
  },
  "FillLineColor": {
    "text": "Filling Color",
    "type": "color",
    "value": "#000000"
  },
  "remFilColor": {
    "type": "checkbox",
    "value": false,
    "text": "Remove Fill Color"
  },
  "isGradient": {
    "type": "checkbox",
    "value": true,
    "text": "Use Gradient"
  },
  "MoreColors": {
    "type": "checkbox",
    "value": true,
    "text": "Add colors for Gradient"
  },
  "color2": {
	  "text": "Color 1",
	  "type": "color",
	  "value": "#FF7375"
	},
	"color1": {
	  "text": "Color 2",
	  "type": "color",
	  "value": "#FF0E2E"
	},
  "DrawLine": {
    "type": "checkbox",
    "value": true,
    "text": "Draw Line"
  },
  "square": {
    "type": "checkbox",
    "value": true,
    "text": "Square"
  },
  "spectrumWidth": {
        "max": 20,
        "min": 1,
        "tick": 25,
        "step": 1,
        "text": "spectrum width",
        "type": "slider",
        "value": 2
    },
  "opacity":{
	  "max": 100,
	  "min": 0,
	  "tick": 25,
	  "step": 1,
	  "text": "spectrum opacity",
	  "type": "slider",
	  "value": 100
  },
  "background": {
	  "text": "background color",
	  "type": "color",
	  "value": "#000000"
  },
  "useImg":{
	  "text": "use image as background",
	  "type": "checkbox",
	  "value": "false"
  },
  "imgPath": {
	  "type": "folderDropdown",
	  "value": "fractal.png",
	  "text": "Image/Gif",
	  "filter": "*.jpg|*.png|*.gif",
	  "folder": "images"
  },
  "glow":{
	  "text": "neon glow effect",
	  "type": "checkbox",
	  "value": "true"
  },
  "fixneon":{
	  "text": "fix down neon",
	  "type": "checkbox",
	  "value": "true"
  },
  "NeonColor": {
	  "text": "neon color",
	  "type": "color",
	  "value": "#FF0000"
  },
  "glowStrength": {
	  "max": 50,
	  "min": 1,
	  "tick": 25,
	  "step": 1,
	  "text": "neon effect strength",
	  "type": "slider",
	  "value": 35
  },
	"amplitude": {
        "max": 2000,
        "min": 10,
        "tick": 25,
        "step": 10,
        "text": "bar height",
        "type": "slider",
        "value": 500
    },
    "spectrumScale": {
        "max": 500,
        "min": 1,
        "tick": 25,
        "step": 1,
        "text": "spectrum scale",
        "type": "slider",
        "value": 100
    },
    "spectrumX": {
        "max": 150,
        "min": 0,
        "tick": 25,
        "step": 1,
        "text": "spectrum x position",
        "type": "slider",
        "value": 50
    },
    "spectrumY": {
        "max": 150,
        "min": 0,
        "tick": 25,
        "step": 1,
        "text": "spectrum y position",
        "type": "slider",
        "value": 95
    }  
  
}